Year,Population
2024,41765591.873851575
2025,41618732.14274349
2026,41528922.33193038
2027,41622159.455222905
2028,41666566.12319625
2029,41641324.5441166
2030,41645972.75206426
2031,41675574.44328232
2032,41689298.74557582
2033,41694789.813307226
2034,41708027.89162044
2035,41723639.31829822
