Year,Population
2024,2987607.501637258
2025,2985393.236068869
2026,2984403.7540993313
2027,2983485.7810012577
2028,2982344.8008437324
2029,2981138.4290853133
2030,2979960.5892188763
2031,2978802.113233512
2032,2977642.522055667
2033,2976478.887422974
2034,2975314.538731733
2035,2974150.8160804855
