Year,Population
2024,3009662.1683392273
2025,3020476.0697782487
2026,3025107.628833738
2027,3026949.278932676
2028,3028457.2032185253
2029,3030656.148710372
2030,3033602.6087892614
2031,3036982.6572429785
2032,3040490.6111833206
2033,3043960.336581882
2034,3047349.6927415775
2035,3050679.574079525
