Year,Population
2024,10279657.564841878
2025,10402298.882050328
2026,10526071.286681758
2027,10649746.142794443
2028,10773219.653447181
2029,10896865.779248001
2030,11020432.839608202
2031,11144016.673764955
2032,11267607.214351296
2033,11391188.734626096
2034,11514775.309292136
2035,11638360.324497027
