Year,Population
2024,1536055.7040747444
2025,1548323.6294402895
2026,1561470.4693500379
2027,1546327.9073798172
2028,1549940.871009469
2029,1555522.1912174108
2030,1550016.8574663075
2031,1551017.6666544504
2032,1553363.187254841
2033,1551413.3110619222
2034,1551681.569536186
2035,1552676.3253939203
