Year,Population
2024,1577781.203383
2025,1578503.4067660004
2026,1579225.6101490005
2027,1579947.8135320009
2028,1580670.016915001
2029,1581392.2202980013
2030,1582114.4236810014
2031,1582836.6270640017
2032,1583558.8304470018
2033,1584281.0338300022
2034,1585003.2372130023
2035,1585725.4405960026
