Year,Population
2024,172923199.76630038
2025,174379409.53260073
2026,175835619.2989011
2027,177291829.06520146
2028,178748038.83150184
2029,180204248.5978022
2030,181660458.36410257
2031,183116668.13040292
2032,184572877.8967033
2033,186029087.66300365
2034,187485297.42930403
2035,188941507.19560438
