Year,Population
2024,792352.6294239536
2025,799470.4387694732
2026,807000.3225145796
2027,814882.9570843405
2028,822946.7738095616
2029,831133.418176723
2030,839391.1032711826
2031,847693.6817837416
2032,856023.2422546975
2033,864369.4828554019
2034,872725.8723902267
2035,881088.4924960856
