Year,Population
2024,794300.2643238746
2025,802730.0051876721
2026,811277.4090408195
2027,819961.745581964
2028,828706.0409450042
2029,837494.238388298
2030,846306.253462715
2031,855133.5399990611
2032,863969.723327843
2033,872811.3781350871
2034,881656.2955787827
2035,890503.1928965362
