Year,Population
2024,17418728.14762123
2025,17419505.184046414
2026,17420282.220471594
2027,17421059.25689678
2028,17421836.29332196
2029,17422613.329747144
2030,17423390.366172325
2031,17424167.402597506
2032,17424944.43902269
2033,17425721.47544787
2034,17426498.511873055
2035,17427275.548298236
