Year,Population
2024,17416349.96304841
2025,17417092.16584934
2026,17417834.368650265
2027,17418576.571451195
2028,17419318.774252124
2029,17420060.977053054
2030,17420803.17985398
2031,17421545.38265491
2032,17422287.58545584
2033,17423029.788256768
2034,17423771.991057694
2035,17424514.193858624
