Year,Population
2024,1409447683.990852
2025,1408302496.2622316
2026,1407153808.941816
2027,1406005226.1831913
2028,1404856640.3004398
2029,1403708054.5110319
2030,1402559468.718835
2031,1401410882.9267216
2032,1400262297.1346054
2033,1399113711.3424895
2034,1397965125.5503736
2035,1396816539.7582576
