Year,Population
2024,1345127.705948399
2025,1345209.6308752112
2026,1345291.5558020235
2027,1345373.4807288356
2028,1345455.4056556479
2029,1345537.33058246
2030,1345619.2555092722
2031,1345701.1804360843
2032,1345783.1053628966
2033,1345865.0302897086
2034,1345946.955216521
2035,1346028.880143333
