Year,Population
2024,1344556.0459649798
2025,1344925.2077122692
2026,1345307.2529769002
2027,1345454.138827821
2028,1345594.5836375516
2029,1345805.0780614729
2030,1346018.2674089007
2031,1346210.5988600475
2032,1346401.8961708774
2033,1346599.401544851
2034,1346797.2839051199
2035,1346993.319286406
