Year,Population
2024,3718837.494152575
2025,3717637.0175998136
2026,3716436.541047053
2027,3715236.0644942923
2028,3714035.5879415316
2029,3712835.111388771
2030,3711634.6348360097
2031,3710434.158283249
2032,3709233.6817304883
2033,3708033.2051777276
2034,3706832.728624967
2035,3705632.2520722058
