Year,Population
2024,3709201.0733089815
2025,3705696.45529972
2026,3705227.0471713515
2027,3705522.4311859678
2028,3705321.198478186
2029,3704634.965597056
2030,3703842.118121378
2031,3703136.765871965
2032,3702508.559733003
2033,3701894.8028672454
2034,3701265.8186674737
2035,3700624.620052021
