Year,Population
2024,1455217906.3343072
2025,1472359789.8389013
2026,1489495507.3184907
2027,1506625308.9941683
2028,1523749434.9329002
2029,1540868115.4595883
2030,1557981571.5524068
2031,1575090015.2221005
2032,1592193649.8758872
2033,1609292670.6665945
2034,1626387264.8276281
2035,1643477611.9943466
