Year,Population
2024,281155463.6090274
2025,281134998.8045586
2026,281114534.0000898
2027,281094069.1956211
2028,281073604.39115226
2029,281053139.5866835
2030,281032674.7822147
2031,281012209.97774595
2032,280991745.17327714
2033,280971280.3688084
2034,280950815.5643396
2035,280930350.7598708
