Year,Population
2024,281111924.0405365
2025,281121464.92258036
2026,281131005.8046242
2027,281140546.68666804
2028,281150087.5687119
2029,281159628.4507557
2030,281169169.33279955
2031,281178710.2148434
2032,281188251.09688723
2033,281197791.978931
2034,281207332.86097485
2035,281216873.7430187
