Year,Population
2024,44912233.15366561
2025,44957950.54805894
2026,45058988.00237473
2027,45071979.77284877
2028,45086656.48406997
2029,45132530.86635035
2030,45170165.87646542
2031,45198616.63130722
2032,45232272.96858945
2033,45267952.750933714
2034,45301268.47331312
2035,45334436.25633805
