Year,Population
2024,9903486.668025715
2025,10047708.16253696
2026,10191929.657048205
2027,10336151.151559448
2028,10480372.646070693
2029,10624594.140581936
2030,10768815.63509318
2031,10913037.129604425
2032,11057258.624115668
2033,11201480.118626913
2034,11345701.613138158
2035,11489923.1076494
