Year,Population
2024,124489091.91263792
2025,124452267.2806708
2026,124418994.3366385
2027,124384360.09907943
2028,124350247.61909029
2029,124315935.15948145
2030,124281699.34820624
2031,124247434.15910214
2032,124213180.2299536
2033,124178921.98508114
2034,124144665.39434247
2035,124110408.1696062
