Year,Population
2024,11441712.14785704
2025,11442591.87427734
2026,11443855.894663347
2027,11445028.72084337
2028,11446223.187704608
2029,11447412.51916192
2030,11448603.06926726
2031,11449793.330183465
2032,11450983.659725191
2033,11452173.972981859
2034,11453364.290103024
2035,11454554.60630713
