Year,Population
2024,20333309.7549228
2025,20335687.791591562
2026,20337816.621274397
2027,20339870.42044832
2028,20341901.629656535
2029,20343926.03754408
2030,20345948.397709932
2031,20347970.14135374
2032,20349991.699376896
2033,20352013.201513935
2034,20354034.68682494
2035,20356056.167070016
