Year,Population
2024,20306179.21380173
2025,20299829.599452674
2026,20298502.41353756
2027,20298610.478872932
2028,20299128.69363683
2029,20299764.116139565
2030,20300433.032908257
2031,20301111.52127916
2032,20301792.744911347
2033,20302474.750194725
2034,20303156.9788493
2035,20303839.2713363
