Year,Population
2024,4968794.937809806
2025,5094372.236970348
2026,5217477.750205072
2027,5341182.117514165
2028,5464741.396934115
2029,5588335.827647974
2030,5711921.742051679
2031,5835509.719751797
2032,5959097.19756499
2033,6082684.796488721
2034,6206272.366070292
2035,6329859.94276076
