Year,Population
2024,5761461.044521446
2025,5758369.461287053
2026,5761172.661313345
2027,5761290.292584244
2028,5759111.625231143
2029,5757697.635948325
2030,5757155.654382687
2031,5756413.388435032
2032,5755347.1871570945
2033,5754325.804062086
2034,5753422.391343885
2035,5752512.586776754
