Year,Population
2024,35128405.77070316
2025,35122220.44096783
2026,35116035.1112325
2027,35109849.78149716
2028,35103664.45176183
2029,35097479.122026496
2030,35091293.792291164
2031,35085108.46255583
2032,35078923.1328205
2033,35072737.80308517
2034,35066552.47334983
2035,35060367.1436145
