Year,Population
2024,539348.761920449
2025,552736.2610903418
2026,566123.7602602348
2027,579511.2594301277
2028,592898.7586000205
2029,606286.2577699134
2030,619673.7569398063
2031,633061.2561096991
2032,646448.755279592
2033,659836.2544494849
2034,673223.7536193777
2035,686611.2527892706
