Year,Population
2024,526706.0612753185
2025,527496.14217617
2026,528286.2230770214
2027,529076.3039778728
2028,529866.3848787243
2029,530656.4657795758
2030,531446.5466804272
2031,532236.6275812787
2032,533026.7084821301
2033,533816.7893829815
2034,534606.870283833
2035,535396.9511846844
