Year,Population
2024,3486633.9962714324
2025,3483753.6198063483
2026,3484654.80245242
2027,3485734.162172968
2028,3485149.05707985
2029,3485889.8761253958
2030,3486184.3772025555
2031,3486322.394531031
2032,3486770.572717789
2033,3487021.061113938
2034,3487313.2581404513
2035,3487649.6354229124
