Year,Population
2024,3475299.062447273
2025,3479512.2721701683
2026,3479990.8870043945
2027,3479462.2099439446
2028,3481373.6678598546
2029,3481602.6295882026
2030,3482257.5166611397
2031,3483252.4080253993
2032,3483774.6946170935
2033,3484561.8988059885
2034,3485319.215661937
2035,3485990.9088037456
