Year,Population
2024,54559711.35820139
2025,54985689.5599734
2026,55411673.75681132
2027,55837658.507918775
2028,56263643.31027082
2029,56689628.11736065
2030,57115612.92488851
2031,57541597.732456855
2032,57967582.54002896
2033,58393567.3476014
2034,58819552.155173875
2035,59245536.96274635
