Year,Population
2024,29697947.62704357
2025,29952138.546132084
2026,30197243.102500804
2027,30193574.00773005
2028,29956645.203818414
2029,29730797.90117551
2030,29738833.17545747
2031,29963737.221462145
2032,30175861.192926165
2033,30168127.97749878
2034,29958791.33216626
2035,29763666.60847839
