Year,Population
2024,5202244.249612464
2025,5472807.394783363
2026,5849920.829275929
2027,6153709.990186103
2028,6374631.346482098
2029,6639687.140697836
2030,6967945.405856278
2031,7270927.182900995
2032,7526515.798416309
2033,7795498.024178542
2034,8099480.939888402
2035,8397322.917247947
