Year,Population
2024,251128807.96559122
2025,254753120.93118247
2026,258377433.8967737
2027,262001746.86236495
2028,265626059.82795617
2029,269250372.7935474
2030,272874685.75913864
2031,276498998.7247299
2032,280123311.69032115
2033,283747624.65591234
2034,287371937.6215036
2035,290996250.58709484
