Year,Population
2024,115829052.64720562
2025,116768810.06912787
2026,117708897.19854492
2027,118649041.4287477
2028,119589195.54801814
2029,120529351.37993857
2030,121469507.50846633
2031,122409663.68836237
2032,123349819.87715471
2033,124289976.06748775
2034,125230132.25808762
2035,126170288.4487337
