Year,Population
2024,2691894.422432532
2025,2727756.844865064
2026,2763619.267297596
2027,2799481.6897301283
2028,2835344.1121626603
2029,2871206.5345951924
2030,2907068.9570277245
2031,2942931.3794602565
2032,2978793.8018927886
2033,3014656.2243253207
2034,3050518.6467578528
2035,3086381.069190385
