Year,Population
2024,32817734.24919271
2025,32818247.246344417
2026,32840783.63478106
2027,32864404.929277662
2028,32888079.667912073
2029,32911757.03928675
2030,32935434.54035425
2031,32959112.047810625
2032,32982789.55558172
2033,33006467.06336832
2034,33030144.571155682
2035,33053822.078943085
