Year,Population
2024,5602612.676282701
2025,5622217.8670612825
2026,5837381.529649244
2027,5765954.209262008
2028,5636723.663185898
2029,5722927.21508208
2030,5790451.216816302
2031,5713029.267437643
2032,5688274.425442678
2033,5750069.585487188
2034,5751500.979562361
2035,5709162.719040352
