Year,Population
2024,5912940.261016491
2025,5925775.560418345
2026,5927733.848538897
2027,5924879.356938854
2028,5925190.588326671
2029,5926819.30682178
2030,5927527.959805308
2031,5927876.794306375
2032,5928492.667759654
2033,5929206.563322234
2034,5929843.054555677
2035,5930452.91573672
