Year,Population
2024,22074804.281899255
2025,22112608.563798513
2026,22150412.845697768
2027,22188217.127597027
2028,22226021.40949628
2029,22263825.69139554
2030,22301629.973294795
2031,22339434.255194053
2032,22377238.537093308
2033,22415042.818992566
2034,22452847.10089182
2035,22490651.38279108
