Year,Population
2024,10393995.526731921
2025,10396457.056679178
2026,10398918.586626437
2027,10401380.116573695
2028,10403841.646520954
2029,10406303.176468212
2030,10408764.706415469
2031,10411226.236362727
2032,10413687.766309986
2033,10416149.296257244
2034,10418610.826204503
2035,10421072.35615176
