Year,Population
2024,71655593.01850168
2025,71596648.86231428
2026,71527204.07331322
2027,71448648.25325206
2028,71362187.11086877
2029,71268866.79737693
2030,71169595.02151841
2031,71065159.37035467
2032,70956243.20557508
2033,70843439.45616667
2034,70727262.58583018
2035,70608158.9766875
