Year,Population
2024,1405046.6515591955
2025,1417849.5238686097
2026,1430652.3961780237
2027,1443455.2684874379
2028,1456258.1407968518
2029,1469061.013106266
2030,1481863.88541568
2031,1494666.7577250942
2032,1507469.6300345084
2033,1520272.5023439224
2034,1533075.3746533366
2035,1545878.2469627506
