Year,Population
2024,1401131.7907887236
2025,1415361.5072310453
2026,1429591.223673367
2027,1443820.9401156886
2028,1458050.6565580105
2029,1472280.3730003322
2030,1486510.0894426538
2031,1500739.8058849755
2032,1514969.5223272974
2033,1529199.238769619
2034,1543428.9552119407
2035,1557658.6716542623
