Year,Population
2024,7496910.066429418
2025,7630304.392244012
2026,7764205.890797041
2027,7898386.295903635
2028,8032720.078468689
2029,8167138.207007198
2030,8301602.719436205
2031,8436092.739488276
2032,8570596.786799107
2033,8705108.548038743
2034,8839624.551354375
2035,8974142.887490176
