Year,Population
2024,7497467.823521197
2025,7629800.439987193
2026,7761733.034163176
2027,7893436.115698239
2028,8025007.514440475
2029,8156503.360229037
2030,8287955.857538377
2031,8419383.4836738
2032,8550796.839982387
2033,8682202.008983105
2034,8813602.480518963
2035,8945000.256886095
