Year,Population
2024,10822023.749048669
2025,11164965.78664604
2026,11488306.177665822
2027,11801897.511737363
2028,12123355.258977165
2029,12453292.80610714
2030,12781714.075904617
2031,13104672.677923802
2032,13426548.452054739
2033,13751203.441013355
2034,14077484.744715638
2035,14402738.373909922
