Year,Population
2024,36368134.1087499
2025,37083961.2174998
2026,37799788.3262497
2027,38515615.4349996
2028,39231442.5437495
2029,39947269.65249939
2030,40663096.7612493
2031,41378923.86999919
2032,42094750.97874909
2033,42810578.08749899
2034,43526405.19624889
2035,44242232.304998785
